,Precision,NDCG,MRR,Context
naive,0.34750000000000003,0.3053710608635686,0.37436507936507935,0.65
hybrid,0.495,0.46215340820104384,0.5279166666666666,0.825
HyDE,0.5874999999999999,0.5609883317879634,0.614375,0.875
fusion,0.5475,0.5305533607643241,0.6227083333333333,0.9
