,Precision,NDCG,MRR,Context
naive,0.07333333333333333,0.11129784326197627,0.4055555555555556,0.6666666666666666
hybrid,0.09333333333333332,0.1527520760247627,0.5577777777777778,0.7999999999999999
HyDE,0.10666666666666667,0.12149704928171079,0.3644444444444444,0.5333333333333333
fusion,0.08,0.1175299632511515,0.37222222222222223,0.5333333333333333
