,Premium_Wines,Premium_Wines,Premium_Wines,Premium_Wines,Value_Wines,Value_Wines,Value_Wines,Value_Wines,Food_Pairing_Meat,Food_Pairing_Meat,Food_Pairing_Meat,Food_Pairing_Meat,Food_Pairing_Seafood,Food_Pairing_Seafood,Food_Pairing_Seafood,Food_Pairing_Seafood,Food_Pairing_Spicy,Food_Pairing_Spicy,Food_Pairing_Spicy,Food_Pairing_Spicy,Food_Pairing_Dessert,Food_Pairing_Dessert,Food_Pairing_Dessert,Food_Pairing_Dessert,Flavor_Profile_Oak,Flavor_Profile_Oak,Flavor_Profile_Oak,Flavor_Profile_Oak,Flavor_Profile_Spice,Flavor_Profile_Spice,Flavor_Profile_Spice,Flavor_Profile_Spice
,Precision@10,NDCG@10,MRR,Context@5,Precision@10,NDCG@10,MRR,Context@5,Precision@10,NDCG@10,MRR,Context@5,Precision@10,NDCG@10,MRR,Context@5,Precision@10,NDCG@10,MRR,Context@5,Precision@10,NDCG@10,MRR,Context@5,Precision@10,NDCG@10,MRR,Context@5,Precision@10,NDCG@10,MRR,Context@5
naive,0.26,0.2640224191474719,0.47857142857142854,0.6,0.28,0.2203690287682653,0.24666666666666667,0.6,0.32,0.29231373694850954,0.29,0.6,0.54,0.5030141888685457,0.6166666666666666,1.0,0.27999999999999997,0.2394450124865027,0.3019047619047619,0.8,0.54,0.5029626497741623,0.6833333333333333,0.8,0.27999999999999997,0.21042072545754556,0.18888888888888888,0.4,0.27999999999999997,0.21042072545754556,0.18888888888888888,0.4
hybrid,0.6,0.5784789318480748,0.75,1.0,0.54,0.4752454810829322,0.4666666666666666,1.0,0.68,0.6551556706097171,0.625,0.8,0.64,0.6594594515032937,0.9,1.0,0.38,0.3119632934807679,0.24166666666666664,0.6,0.56,0.535308734797728,0.74,1.0,0.27999999999999997,0.24080785114291858,0.25,0.6,0.27999999999999997,0.24080785114291858,0.25,0.6
HyDE,0.38,0.3691564300348955,0.41666666666666663,0.8,0.5800000000000001,0.5149694563887436,0.5066666666666666,1.0,0.8400000000000001,0.8195889955347246,0.85,1.0,0.9399999999999998,0.9525425080906114,1.0,1.0,0.42000000000000004,0.3593247777902035,0.3416666666666667,0.8,0.33999999999999997,0.36766832457020837,0.6666666666666666,0.8,0.6,0.5523280809471602,0.5666666666666667,0.8,0.6,0.5523280809471602,0.5666666666666667,0.8
fusion,0.4,0.3885387837284043,0.4666666666666667,0.8,0.43999999999999995,0.36217946727456474,0.36666666666666664,1.0,0.7,0.7669563164655856,1.0,1.0,0.7000000000000001,0.7629482413167645,1.0,1.0,0.44000000000000006,0.36259009182294155,0.2983333333333333,0.8,0.74,0.7245273867281798,0.9,1.0,0.48,0.43834329938907624,0.475,0.8,0.48,0.43834329938907624,0.475,0.8
