,Precision,NDCG,MRR,Context
naive,0.30000000000000004,0.372484825123456,0.8222222222222223,0.9333333333333332
hybrid,0.16,0.19179788089440916,0.5477513227513228,0.6666666666666666
HyDE,0.15333333333333332,0.17905617566921994,0.46507936507936504,0.6000000000000001
fusion,0.10666666666666665,0.12591290657145093,0.3550793650793651,0.39999999999999997
