,Precision,NDCG,MRR,Context
naive,0.725,0.7280498980235282,0.8344047619047619,0.95
hybrid,0.6925,0.6809069935067578,0.78375,0.975
HyDE,0.7275,0.7069759108290692,0.745,0.925
fusion,0.7525,0.7387740797371127,0.7912797619047619,0.925
