,Premium_Wines,Premium_Wines,Premium_Wines,Premium_Wines,Value_Wines,Value_Wines,Value_Wines,Value_Wines,Food_Pairing_Meat,Food_Pairing_Meat,Food_Pairing_Meat,Food_Pairing_Meat,Food_Pairing_Seafood,Food_Pairing_Seafood,Food_Pairing_Seafood,Food_Pairing_Seafood,Food_Pairing_Spicy,Food_Pairing_Spicy,Food_Pairing_Spicy,Food_Pairing_Spicy,Food_Pairing_Dessert,Food_Pairing_Dessert,Food_Pairing_Dessert,Food_Pairing_Dessert,Flavor_Profile_Oak,Flavor_Profile_Oak,Flavor_Profile_Oak,Flavor_Profile_Oak,Flavor_Profile_Spice,Flavor_Profile_Spice,Flavor_Profile_Spice,Flavor_Profile_Spice
,Precision@10,NDCG@10,MRR,Context@5,Precision@10,NDCG@10,MRR,Context@5,Precision@10,NDCG@10,MRR,Context@5,Precision@10,NDCG@10,MRR,Context@5,Precision@10,NDCG@10,MRR,Context@5,Precision@10,NDCG@10,MRR,Context@5,Precision@10,NDCG@10,MRR,Context@5,Precision@10,NDCG@10,MRR,Context@5
naive,0.6599999999999999,0.7052739399811677,0.8666666666666666,1.0,0.6799999999999999,0.6794791264891527,0.9,1.0,0.9,0.8897337875076134,0.9,1.0,0.8400000000000001,0.8499328057405577,0.9,1.0,0.54,0.4986715383001834,0.5685714285714286,0.8,0.9199999999999999,0.9441992465048124,1.0,1.0,0.6599999999999999,0.6678721823456213,0.8400000000000001,1.0,0.6,0.5892365573191174,0.7,0.8
hybrid,0.8,0.8274795102550044,1.0,1.0,0.78,0.8138527980290329,1.0,1.0,0.96,0.9702472188318854,1.0,1.0,0.9199999999999999,0.9249759034396335,1.0,1.0,0.5,0.43069665978313115,0.42000000000000004,1.0,0.58,0.5281104245558416,0.5333333333333333,1.0,0.6199999999999999,0.5536179496071711,0.6166666666666666,1.0,0.38,0.39827548355236225,0.7,0.8
HyDE,0.7,0.7211931797346998,0.9,1.0,0.74,0.7497199260619947,0.9,1.0,1.0,1.0,1.0,1.0,1.0,1.0,1.0,1.0,0.41999999999999993,0.3604868645377686,0.2833333333333333,0.6,1.0,1.0,1.0,1.0,0.6199999999999999,0.533218759569771,0.55,1.0,0.34,0.2911885567283193,0.32666666666666666,0.8
fusion,0.74,0.7281327278002158,0.8,1.0,0.8,0.7704954327994564,0.8,1.0,0.96,0.9740249976693318,1.0,1.0,0.9800000000000001,0.9810423271260899,1.0,1.0,0.54,0.4619585729230241,0.41500000000000004,0.8,0.96,0.9733895979728542,1.0,1.0,0.68,0.6761459746748918,0.8,1.0,0.36,0.34500300693103725,0.5152380952380952,0.6
