,Precision,NDCG,MRR,Context
naive,0.37833333333333335,0.37037687920277895,0.5097420634920635,0.775
hybrid,0.49416666666666664,0.47435665055438864,0.5779166666666666,0.875
HyDE,0.535,0.5364549653861247,0.7032242063492062,0.85
fusion,0.5574999999999999,0.5462054038341823,0.6779166666666667,0.95
