,Premium_Wines,Premium_Wines,Premium_Wines,Premium_Wines,Value_Wines,Value_Wines,Value_Wines,Value_Wines,Food_Pairing_Meat,Food_Pairing_Meat,Food_Pairing_Meat,Food_Pairing_Meat,Food_Pairing_Seafood,Food_Pairing_Seafood,Food_Pairing_Seafood,Food_Pairing_Seafood,Food_Pairing_Spicy,Food_Pairing_Spicy,Food_Pairing_Spicy,Food_Pairing_Spicy,Food_Pairing_Dessert,Food_Pairing_Dessert,Food_Pairing_Dessert,Food_Pairing_Dessert,Flavor_Profile_Oak,Flavor_Profile_Oak,Flavor_Profile_Oak,Flavor_Profile_Oak,Flavor_Profile_Spice,Flavor_Profile_Spice,Flavor_Profile_Spice,Flavor_Profile_Spice
,Precision@10,NDCG@10,MRR,Context@5,Precision@10,NDCG@10,MRR,Context@5,Precision@10,NDCG@10,MRR,Context@5,Precision@10,NDCG@10,MRR,Context@5,Precision@10,NDCG@10,MRR,Context@5,Precision@10,NDCG@10,MRR,Context@5,Precision@10,NDCG@10,MRR,Context@5,Precision@10,NDCG@10,MRR,Context@5
naive,0.3,0.30790659239483686,0.54,0.8,0.26,0.25440457717962,0.3555555555555555,0.6,0.32,0.3002924012439819,0.4066666666666666,0.8,0.5866666666666667,0.5715936541907707,0.6333333333333333,1.0,0.44000000000000006,0.44665478666238273,0.661904761904762,0.6,0.33999999999999997,0.32868934029044866,0.45666666666666667,1.0,0.31999999999999995,0.31282589490965074,0.42857142857142855,0.6,0.45999999999999996,0.44064778675054017,0.5952380952380952,0.8
hybrid,0.58,0.5921772394863576,0.7666666666666667,1.0,0.7,0.6810397975553144,0.7666666666666666,1.0,0.48,0.4706005498424922,0.6,0.8,0.7333333333333332,0.7132260057127714,0.8,1.0,0.42000000000000004,0.402364467118226,0.5233333333333333,0.8,0.2,0.17924378550282796,0.29,0.8,0.6199999999999999,0.5731022008329981,0.6066666666666667,1.0,0.22000000000000003,0.18309915838412152,0.26999999999999996,0.6
HyDE,0.4600000000000001,0.45957368531195775,0.7166666666666667,1.0,0.5,0.5067517468054217,0.825,0.8,0.8399999999999999,0.8448545048649445,0.9,1.0,0.9600000000000002,0.9579719015436463,1.0,1.0,0.34,0.29946670634247397,0.3555555555555555,0.6,0.33999999999999997,0.3911868561450291,0.6666666666666667,0.8,0.62,0.585790911870369,0.6666666666666666,1.0,0.22000000000000003,0.24604341020515513,0.49523809523809526,0.6
fusion,0.6399999999999999,0.6774284812100517,1.0,1.0,0.6599999999999999,0.6277081467880798,0.6666666666666667,1.0,0.54,0.5131818641902035,0.6,1.0,0.76,0.7795490708504322,0.9,1.0,0.54,0.493172926157386,0.515,0.8,0.32,0.2985634173971188,0.375,0.8,0.58,0.5387175590599634,0.6,1.0,0.41999999999999993,0.44132176502022247,0.7666666666666666,1.0
