,Precision,NDCG,MRR,Context
naive,0.02666666666666667,0.04244527319458292,0.13333333333333333,0.20000000000000004
hybrid,0.06666666666666667,0.08148307335271514,0.1955555555555555,0.4666666666666666
HyDE,0.08,0.10155134689450752,0.3074074074074074,0.3333333333333333
fusion,0.02,0.03318777693634595,0.13333333333333333,0.20000000000000004
